{
    "condition":"alternative",
    "terms":[
        
        {
            "condition":"entity_properties",
            "entity":"this",
            "predicate":{
                "equipment":{
                    "mainhand":{
                        "tag":"smoochypit:iteminfos/daylight_detector/item"
                    }
                }
            }
        },
        {
            "condition":"entity_properties",
            "entity":"this",
            "predicate":{
                "equipment":{
                    "offhand":{
                        "tag":"smoochypit:iteminfos/daylight_detector/item"
                    }
                }
            }
        }

    ]
}
